ds,pagos_qr,monto,comercios,clientes,inflación,dólar,promoción,feriado
2024-01-01,21391,179499245,7947,16109,18.9,835.0,0,1
2024-01-02,18836,159700397,7975,15553,18.4,777.0,0,0
2024-01-03,19687,169385645,8239,16041,19.0,852.0,0,0
2024-01-04,18903,159221600,7807,16297,19.7,819.0,0,0
2024-01-05,19896,167469642,8189,16079,18.3,838.0,0,0
2024-01-06,22936,200112233,8262,15965,18.3,806.0,1,1
2024-01-07,22769,200614365,8126,15629,19.7,832.0,1,1
2024-01-08,21359,185979155,8258,16308,19.0,807.0,0,0
2024-01-09,18042,155488871,7442,15307,18.0,814.0,0,0
2024-01-10,19916,172307655,8145,16039,18.8,852.0,0,0
2024-01-11,20593,176554895,7806,15960,18.0,821.0,0,0
2024-01-12,17848,151165768,8105,16347,18.0,828.0,0,0
2024-01-13,25667,225310922,8278,16402,18.6,838.0,1,1
2024-01-14,26040,227001784,8355,17031,16.8,833.0,1,1
2024-01-15,22257,190766568,8463,17385,17.0,828.0,0,0
2024-01-16,18429,155585440,8131,16076,17.9,831.0,0,0
2024-01-17,22455,192662392,9210,17673,17.5,862.0,0,0
2024-01-18,22086,193315984,8413,16329,18.6,826.0,1,0
2024-01-19,21143,181008015,8565,16847,17.6,830.0,0,0
2024-01-20,22525,192135354,8725,17058,17.2,843.0,0,1
2024-01-21,24380,207519594,9161,18066,19.5,844.0,0,1
2024-01-22,20060,172325382,8397,16614,18.1,846.0,0,0
2024-01-23,17847,151725318,8194,16029,18.3,838.0,0,0
2024-01-24,18840,157774624,8583,17713,17.1,812.0,0,0
2024-01-25,20165,168508560,8336,16593,17.8,854.0,0,0
2024-01-26,20114,172150833,8419,16870,18.3,813.0,0,0
2024-01-27,22242,188997564,8282,16533,17.3,835.0,0,1
2024-01-28,25224,216764802,8384,16953,18.5,819.0,1,1
2024-01-29,24801,216851570,8481,16753,17.7,830.0,1,0
2024-01-30,21330,181953251,8612,17552,17.9,836.0,0,0
2024-01-31,20480,173917773,8541,17295,17.7,837.0,0,0
2024-02-01,20700,177281619,8347,16955,19.6,838.0,0,0
2024-02-02,21142,183194188,9089,17833,18.1,857.0,0,0
2024-02-03,26162,230786181,8749,17503,17.3,840.0,1,1
2024-02-04,23901,209276029,8154,16493,18.8,830.0,1,1
2024-02-05,24576,214574579,8883,17915,17.1,848.0,1,0
2024-02-06,20809,178043970,8795,17588,18.3,852.0,0,0
2024-02-07,21059,180435514,9439,18230,16.5,816.0,0,0
2024-02-08,22828,194345404,8571,17636,17.0,844.0,0,0
2024-02-09,19878,170158086,8744,17217,18.2,846.0,0,0
2024-02-10,23149,194450241,8869,17550,18.7,831.0,0,1
2024-02-11,23155,197837198,8870,18093,18.2,857.0,0,1
2024-02-12,21135,181435127,8966,17345,17.9,834.0,0,0
2024-02-13,20122,170896316,8882,17548,17.8,839.0,0,0
2024-02-14,21991,187567555,8746,17696,16.8,835.0,0,0
2024-02-15,25437,219829489,8263,17270,17.4,838.0,1,0
2024-02-16,20417,171865873,8798,17505,17.6,822.0,0,0
2024-02-17,24664,210882630,8995,18007,18.8,817.0,0,1
2024-02-18,24052,203845874,9073,18559,18.3,863.0,0,1
2024-02-19,23072,193384349,8868,18154,16.6,826.0,0,0
2024-02-20,23445,197883943,9179,18010,18.2,825.0,0,0
2024-02-21,21079,178046742,8436,17654,17.6,808.0,0,0
2024-02-22,24252,213522161,9390,18654,17.4,831.0,1,0
2024-02-23,22873,195599728,9143,18360,18.4,821.0,0,0
2024-02-24,26657,230707296,9012,17826,18.7,866.0,1,1
2024-02-25,24884,211195468,9273,18664,18.6,857.0,0,1
2024-02-26,22049,190872669,9324,18531,17.2,832.0,0,0
2024-02-27,20836,179854205,8791,17880,17.6,876.0,0,0
2024-02-28,22939,193602379,9126,18271,18.1,857.0,0,0
2024-02-29,22073,190785552,9153,18111,18.6,838.0,0,0
2024-03-01,22577,192549242,9885,19709,17.5,806.0,0,0
2024-03-02,28068,246055223,9422,18692,17.7,878.0,1,1
2024-03-03,27736,241252384,9091,18554,16.9,823.0,1,1
2024-03-04,25299,223233158,9247,18731,16.9,820.0,1,0
2024-03-05,27443,236806259,9494,19218,18.5,860.0,1,0
2024-03-06,21819,185832599,9205,18521,18.9,882.0,0,0
2024-03-07,21913,189560420,9422,18301,17.7,867.0,0,0
2024-03-08,23562,196346784,9455,19051,18.6,855.0,0,0
2024-03-09,24436,208469877,9058,18574,18.0,856.0,0,1
2024-03-10,22769,193609407,9188,18159,17.2,860.0,0,1
2024-03-11,21946,188769322,9316,18094,18.0,859.0,0,0
2024-03-12,23181,200030327,9509,19523,19.0,852.0,0,0
2024-03-13,23398,201193568,9823,18856,17.7,850.0,0,0
2024-03-14,25437,222544501,9346,18526,19.0,848.0,1,0
2024-03-15,22641,193367629,9574,18735,15.6,838.0,0,0
2024-03-16,27390,237974579,9937,19287,18.3,845.0,1,1
2024-03-17,24419,208805445,9578,18767,17.7,824.0,0,1
2024-03-18,25724,227422310,9087,18219,17.4,849.0,1,0
2024-03-19,22426,189795975,9812,19136,17.7,836.0,0,0
2024-03-20,23586,200510837,9854,19607,16.0,834.0,0,0
2024-03-21,25860,225512980,10020,19603,17.5,854.0,1,0
2024-03-22,24679,217646365,9631,18782,17.9,873.0,1,0
2024-03-23,28689,250169105,9644,19725,18.8,866.0,1,1
2024-03-24,25292,217777964,9771,19225,17.2,829.0,0,1
2024-03-25,25399,218797720,9847,19767,16.9,838.0,0,0
2024-03-26,23076,198197074,9758,19461,17.2,867.0,0,0
2024-03-27,22173,187181513,9246,18441,18.3,839.0,0,0
2024-03-28,28207,248932688,10068,20102,17.8,851.0,1,1
2024-03-29,28713,252748261,9945,19281,17.1,863.0,1,1
2024-03-30,25886,220998080,9512,19570,17.9,840.0,0,1
2024-03-31,25640,216033460,8974,18636,17.6,857.0,0,1
2024-04-01,24476,205761004,9406,19586,18.3,836.0,0,0
2024-04-02,24258,207548631,10169,19910,16.9,847.0,0,0
2024-04-03,24131,204570999,10021,20351,17.2,861.0,0,0
2024-04-04,24378,204611622,10081,20109,17.2,833.0,0,0
2024-04-05,23650,198730269,9832,19710,16.3,864.0,0,0
2024-04-06,28269,245203535,9165,18684,17.7,857.0,1,1
2024-04-07,29203,254481359,9943,19546,17.6,866.0,1,1
2024-04-08,25897,228797926,9578,19207,17.4,862.0,1,0
2024-04-09,22491,193020942,9774,19644,17.2,879.0,0,0
2024-04-10,23882,203095191,9517,18941,16.3,861.0,0,0
2024-04-11,23910,204847899,9877,19466,17.1,853.0,0,0
2024-04-12,23033,197223635,9476,19335,17.1,862.0,0,0
2024-04-13,25730,221052090,9845,19341,16.7,868.0,0,1
2024-04-14,25386,216562116,9973,19367,17.2,861.0,0,1
2024-04-15,27648,242942396,9509,19589,17.7,862.0,1,0
2024-04-16,22325,192262404,9966,19820,18.9,851.0,0,0
2024-04-17,21905,187209900,9163,18448,17.5,852.0,0,0
2024-04-18,23598,201185551,9404,18529,17.5,841.0,0,0
2024-04-19,27020,237398497,9540,19567,17.3,889.0,1,0
2024-04-20,27090,229682051,10154,19656,15.8,844.0,0,1
2024-04-21,27949,240406274,9612,19868,17.3,853.0,1,1
2024-04-22,24257,204012904,9665,19428,17.3,853.0,0,0
2024-04-23,24674,209014251,9994,19814,19.2,878.0,0,0
2024-04-24,25609,224855805,9808,19890,17.1,860.0,1,0
2024-04-25,23224,197442402,9570,19477,17.5,884.0,0,0
2024-04-26,24442,209021032,10228,20368,17.2,855.0,0,0
2024-04-27,27751,240762908,9999,19966,16.3,870.0,1,1
2024-04-28,29065,251931785,10084,20166,18.1,854.0,1,1
2024-04-29,27720,239468073,10143,19943,17.8,899.0,1,0
2024-04-30,24943,212680709,10409,20976,17.8,849.0,0,0
2024-05-01,29565,256824173,10182,20237,16.5,872.0,1,1
2024-05-02,23938,205175330,9753,19709,18.3,877.0,0,0
2024-05-03,24530,209954395,10019,20377,16.0,874.0,0,0
2024-05-04,24517,208866205,9524,19162,17.6,866.0,0,1
2024-05-05,26677,224609322,9927,20053,18.9,867.0,0,1
2024-05-06,23017,198655659,9993,20166,16.3,870.0,0,0
2024-05-07,24194,206345911,10275,20084,16.7,867.0,0,0
2024-05-08,25034,213833285,9881,19864,17.2,885.0,0,0
2024-05-09,23177,201109490,9636,19537,16.7,904.0,0,0
2024-05-10,26095,229486944,9835,19659,15.8,863.0,1,0
2024-05-11,29805,260086398,10079,20116,17.1,851.0,1,1
2024-05-12,28641,249313888,9522,19519,16.2,870.0,1,1
2024-05-13,25853,220638209,10426,20971,17.4,911.0,0,0
2024-05-14,22647,193839729,9320,18775,16.3,860.0,0,0
2024-05-15,22111,189654313,9937,19943,18.3,897.0,0,0
2024-05-16,25237,218835304,10230,20169,16.4,898.0,0,0
2024-05-17,26194,228460532,10215,20376,16.7,865.0,0,0
2024-05-18,29722,259100522,10082,19672,17.6,883.0,1,1
2024-05-19,24105,201484948,10350,20705,16.0,899.0,0,1
2024-05-20,23785,201138011,10079,19448,17.2,869.0,0,0
2024-05-21,26557,235229494,9842,19869,18.0,872.0,1,0
2024-05-22,26782,234951305,10081,20469,15.7,867.0,1,0
2024-05-23,25006,214264093,10452,20685,17.1,861.0,0,0
2024-05-24,23330,198838324,10007,19469,17.1,867.0,0,0
2024-05-25,28292,238961956,10474,21499,17.5,858.0,0,1
2024-05-26,28811,254127080,9827,19732,15.9,878.0,1,1
2024-05-27,22626,191540579,9643,19530,15.8,866.0,0,0
2024-05-28,24156,207665624,10249,20441,17.3,881.0,0,0
2024-05-29,26519,228665096,10012,20020,17.1,855.0,1,0
2024-05-30,22654,193012303,10244,19949,17.1,884.0,0,0
2024-05-31,26589,233884414,10227,20498,17.1,892.0,1,0
2024-06-01,28243,245416112,9994,19439,16.3,850.0,1,1
2024-06-02,26452,224990100,9614,19354,17.0,885.0,0,1
2024-06-03,23551,201103773,10139,19908,17.1,899.0,0,0
2024-06-04,27378,235903994,10420,20748,16.2,863.0,1,0
2024-06-05,26065,224410206,10312,19933,18.3,906.0,1,0
2024-06-06,25325,217578973,10210,21010,17.2,888.0,0,0
2024-06-07,26004,221060580,10173,20811,15.8,871.0,0,0
2024-06-08,28113,241254470,10542,20352,17.3,881.0,0,1
2024-06-09,29773,261197866,10043,20380,16.0,891.0,1,1
2024-06-10,24622,212568285,10042,20351,17.4,884.0,0,0
2024-06-11,24000,201648983,9969,20288,17.7,891.0,0,0
2024-06-12,23815,201901841,10242,20024,16.1,870.0,0,0
2024-06-13,24688,211810171,9789,20080,17.5,887.0,0,0
2024-06-14,23436,201175003,9838,19668,17.0,863.0,0,0
2024-06-15,27872,247293875,9494,19095,17.3,883.0,1,1
2024-06-16,29966,258767773,10582,20749,18.2,872.0,1,1
2024-06-17,26941,237209837,10023,20272,16.5,875.0,1,0
2024-06-18,24262,207876549,10180,20193,16.1,905.0,0,0
2024-06-19,22937,192587028,9958,20385,15.9,903.0,0,0
2024-06-20,29249,253416870,10338,19767,16.0,896.0,1,1
2024-06-21,25580,218826056,9790,19676,16.6,871.0,0,0
2024-06-22,25681,215762767,10016,20029,16.9,883.0,0,1
2024-06-23,30410,260243188,10756,20850,16.8,906.0,1,1
2024-06-24,27260,234078515,9670,19575,17.3,891.0,1,0
2024-06-25,23725,203104767,9753,18840,16.6,924.0,0,0
2024-06-26,26741,232224165,9861,19886,17.7,895.0,1,0
2024-06-27,23500,199403089,10490,20711,16.3,893.0,0,0
2024-06-28,23421,198792256,9518,19266,18.7,885.0,0,0
2024-06-29,25634,215932755,9496,19535,17.0,892.0,0,1
2024-06-30,29110,252411194,10207,20248,15.8,889.0,1,1
2024-07-01,25655,215328704,10824,21393,15.7,902.0,0,0
2024-07-02,26510,233616282,9447,19420,16.9,906.0,1,0
2024-07-03,23648,205272659,9635,19392,16.3,880.0,0,0
2024-07-04,24643,205685373,10365,20250,17.1,872.0,0,0
2024-07-05,24721,210055241,10457,20674,16.8,865.0,0,0
2024-07-06,29096,252408977,9795,19749,16.4,901.0,1,1
2024-07-07,27948,243086031,9500,19240,15.8,877.0,1,1
2024-07-08,24908,214583061,10518,20257,15.2,862.0,0,0
2024-07-09,28991,251391078,9879,20336,16.1,900.0,1,1
2024-07-10,28240,245795497,10442,20907,17.1,932.0,1,0
2024-07-11,23191,203976610,9874,20334,16.6,895.0,0,0
2024-07-12,24284,207099414,10467,20408,15.4,908.0,0,0
2024-07-13,26364,228523480,9924,19850,16.5,897.0,0,1
2024-07-14,26691,228772475,10631,21190,16.7,895.0,0,1
2024-07-15,23543,199918082,10432,19757,15.7,910.0,0,0
2024-07-16,24730,214656532,9700,19637,16.5,893.0,1,0
2024-07-17,26996,235352455,10767,20834,16.4,901.0,1,0
2024-07-18,22219,187511554,9511,19178,15.4,903.0,0,0
2024-07-19,22943,194175768,9442,18977,16.6,888.0,0,0
2024-07-20,26293,223558379,10501,19946,16.8,914.0,0,1
2024-07-21,25890,221547687,9903,19871,17.2,896.0,0,1
2024-07-22,23474,204068994,9597,19743,17.1,888.0,0,0
2024-07-23,24193,205578591,10225,20338,15.2,908.0,0,0
2024-07-24,23908,205028036,9651,19372,15.5,887.0,0,0
2024-07-25,24071,202248704,9994,19842,16.7,901.0,0,0
2024-07-26,23360,201581577,9780,19614,16.7,901.0,0,0
2024-07-27,29325,251737135,10109,19332,16.6,918.0,1,1
2024-07-28,27327,234785273,9976,19730,19.3,909.0,0,1
2024-07-29,23298,198773150,9870,20170,16.7,902.0,0,0
2024-07-30,25453,217024194,10418,20786,17.1,915.0,0,0
2024-07-31,26562,226100471,9839,19998,16.9,924.0,0,0
2024-08-01,22437,189023995,9168,18435,16.7,912.0,0,0
2024-08-02,23768,200435459,9645,19654,15.9,904.0,0,0
2024-08-03,28659,251158540,10261,19679,16.8,884.0,1,1
2024-08-04,26606,227063874,9914,20104,15.5,889.0,0,1
2024-08-05,24346,207225887,9993,19710,15.9,900.0,0,0
2024-08-06,26364,230876796,10048,20225,15.7,896.0,1,0
2024-08-07,23799,203397121,9656,19775,16.2,903.0,0,0
2024-08-08,22682,192118137,10209,20339,17.9,907.0,0,0
2024-08-09,23108,202253992,9740,19320,14.6,914.0,0,0
2024-08-10,24879,213859013,9908,19592,16.6,906.0,0,1
2024-08-11,26258,224362137,9432,19913,14.8,915.0,0,1
2024-08-12,21797,185156277,9350,19193,15.7,909.0,0,0
2024-08-13,22555,194501019,9724,19064,16.9,878.0,0,0
2024-08-14,23810,201703864,9377,19123,16.1,894.0,0,0
2024-08-15,22400,189563451,9562,19042,15.2,907.0,0,0
2024-08-16,22154,192586651,9577,19657,15.4,891.0,0,0
2024-08-17,27446,239271350,9375,18457,16.5,919.0,1,1
2024-08-18,23913,202666802,9473,18574,15.4,933.0,0,1
2024-08-19,24259,207141871,10277,20262,16.2,929.0,0,0
2024-08-20,22242,191665373,9680,18946,16.0,908.0,0,0
2024-08-21,27936,244632509,10006,19386,15.4,934.0,1,0
2024-08-22,21069,181949025,9025,18520,17.7,914.0,0,0
2024-08-23,25504,215191888,9487,19289,16.4,907.0,0,0
2024-08-24,24409,210277798,9609,18859,14.3,903.0,0,1
2024-08-25,24334,207388882,9433,18414,16.1,908.0,0,1
2024-08-26,23440,200325202,9786,19841,15.4,907.0,0,0
2024-08-27,23287,201274489,9722,19741,16.6,916.0,0,0
2024-08-28,22351,192304951,9406,19073,15.2,916.0,0,0
2024-08-29,24096,206432105,9480,19603,15.8,914.0,0,0
2024-08-30,23001,192461507,9761,20031,16.3,921.0,0,0
2024-08-31,28703,249817496,9467,19432,16.5,933.0,1,1
2024-09-01,26471,229364149,9577,19271,14.9,930.0,1,1
2024-09-02,23237,199830591,9608,19107,15.6,894.0,0,0
2024-09-03,23937,206324416,9741,19308,15.4,878.0,0,0
2024-09-04,24606,214477938,9287,18777,15.3,931.0,1,0
2024-09-05,23188,196660917,9301,18796,17.2,897.0,0,0
2024-09-06,23095,200334102,9592,19135,16.1,914.0,0,0
2024-09-07,25746,218534705,9025,18648,14.8,900.0,0,1
2024-09-08,26817,231446425,9530,18677,16.5,891.0,1,1
2024-09-09,24947,211311158,9675,18835,17.4,927.0,0,0
2024-09-10,21444,182094001,9568,19386,16.6,930.0,0,0
2024-09-11,21690,183553274,9030,18219,14.5,911.0,0,0
2024-09-12,21697,186996283,9819,19140,15.3,881.0,0,0
2024-09-13,24529,205012673,9541,19131,16.7,912.0,0,0
2024-09-14,27806,240511879,9669,19102,15.1,926.0,1,1
2024-09-15,23890,203869005,9122,18281,16.0,899.0,0,1
2024-09-16,24821,217322992,9217,17812,16.3,924.0,1,0
2024-09-17,22784,197968670,9555,18913,14.9,921.0,0,0
2024-09-18,22059,191522975,9460,18701,15.6,931.0,0,0
2024-09-19,21988,184620526,9655,19084,13.0,924.0,0,0
2024-09-20,22072,184703904,8991,18205,14.8,908.0,0,0
2024-09-21,28089,244747443,9362,18910,15.4,941.0,1,1
2024-09-22,25486,216205630,9669,19031,14.6,921.0,0,1
2024-09-23,23739,200321447,9240,18430,16.9,924.0,0,0
2024-09-24,23744,207766242,9094,18660,14.4,910.0,1,0
2024-09-25,25378,222092395,9683,18617,15.2,918.0,1,0
2024-09-26,22631,191597563,9190,17989,15.7,912.0,0,0
2024-09-27,22361,189743331,9328,18640,16.7,923.0,0,0
2024-09-28,26215,227255417,9525,19159,14.4,952.0,1,1
2024-09-29,26057,226567518,9206,18333,16.5,906.0,1,1
2024-09-30,24431,214649388,8886,17565,15.5,903.0,1,0
2024-10-01,21840,184433188,8556,17926,14.7,949.0,0,0
2024-10-02,21455,182010130,9099,17354,15.9,924.0,0,0
2024-10-03,22101,187977936,9273,18862,15.6,918.0,0,0
2024-10-04,22590,192945495,9286,18573,15.0,944.0,0,0
2024-10-05,22832,195543969,8964,17914,15.5,920.0,0,1
2024-10-06,26220,232911516,9114,17430,15.1,957.0,1,1
2024-10-07,21372,183746251,8830,17696,15.5,940.0,0,0
2024-10-08,20757,178549363,9202,17768,16.0,923.0,0,0
2024-10-09,23082,196626774,9139,18116,16.7,963.0,0,0
2024-10-10,23415,202989768,8844,18073,14.4,922.0,1,0
2024-10-11,22397,190260072,9367,18680,17.1,942.0,0,0
2024-10-12,25584,221979335,8795,17637,13.8,936.0,1,1
2024-10-13,24206,207486461,8385,17203,15.3,951.0,0,1
2024-10-14,21398,179536437,8748,17353,15.8,956.0,0,0
2024-10-15,24047,211517567,8951,17894,15.6,933.0,1,0
2024-10-16,20888,178235521,8869,17516,14.8,922.0,0,0
2024-10-17,22833,196487196,8893,17708,15.2,940.0,0,0
2024-10-18,20458,173369184,8671,17602,14.9,924.0,0,0
2024-10-19,25642,222118261,9303,18298,14.8,964.0,1,1
2024-10-20,23307,198233163,8617,17484,16.0,937.0,0,1
2024-10-21,24421,212647201,8162,17564,15.6,930.0,1,0
2024-10-22,22330,192355697,9069,18086,14.7,938.0,0,0
2024-10-23,21534,185548610,8599,17420,16.0,916.0,0,0
2024-10-24,22976,200028046,9021,17889,15.5,922.0,0,0
2024-10-25,20103,170839516,9309,17818,15.9,955.0,0,0
2024-10-26,22368,184359899,9255,17698,15.7,927.0,0,1
2024-10-27,26064,226647155,8484,17035,14.6,922.0,1,1
2024-10-28,21042,180264316,8931,18193,14.8,946.0,0,0
2024-10-29,21327,183664561,9449,18664,15.8,956.0,0,0
2024-10-30,22627,193885709,8692,17533,15.7,949.0,0,0
2024-10-31,19178,162974445,8569,16982,15.2,954.0,0,0
2024-11-01,20806,181207329,8615,17495,15.3,928.0,0,0
2024-11-02,23587,199340028,9026,17952,16.2,918.0,0,1
2024-11-03,26694,232312710,8400,17125,14.7,963.0,1,1
2024-11-04,19413,163786680,8909,17345,15.6,936.0,0,0
2024-11-05,21493,183666654,8660,17556,15.0,937.0,0,0
2024-11-06,20939,182120512,9114,17963,14.9,961.0,0,0
2024-11-07,21868,186546148,8610,17726,16.0,950.0,0,0
2024-11-08,20638,176102400,9018,17724,15.8,949.0,0,0
2024-11-09,23850,200308076,8346,17079,15.7,975.0,0,1
2024-11-10,25338,220732016,8788,17471,16.1,933.0,1,1
2024-11-11,18389,159564474,8648,16886,15.1,957.0,0,0
2024-11-12,20640,175883528,8784,17647,15.6,944.0,0,0
2024-11-13,21219,180673920,8683,17778,14.8,948.0,0,0
2024-11-14,21911,189421929,8828,17457,15.3,967.0,0,0
2024-11-15,19458,165717872,8319,16975,14.9,952.0,0,0
2024-11-16,24546,217178107,8437,17035,15.1,953.0,1,1
2024-11-17,27486,237023721,9062,18018,15.5,962.0,1,1
2024-11-18,24296,213812708,8731,16918,14.3,941.0,1,1
2024-11-19,24068,213804658,8804,17598,16.6,934.0,1,0
2024-11-20,23631,208810214,8615,17221,14.2,931.0,1,0
2024-11-21,20503,171458953,8580,16864,14.0,918.0,0,0
2024-11-22,19104,162085394,8179,16338,15.9,978.0,0,0
2024-11-23,21867,186316597,8675,17096,15.6,931.0,0,1
2024-11-24,22782,196611911,8724,17016,15.4,945.0,0,1
2024-11-25,20803,175107264,8861,17854,15.4,945.0,0,0
2024-11-26,18809,158792627,7595,16501,14.9,954.0,0,0
2024-11-27,22749,191118197,8866,18059,14.2,962.0,0,0
2024-11-28,20985,177683899,8783,17082,14.9,963.0,0,0
2024-11-29,24983,215794287,8524,17062,14.3,942.0,1,0
2024-11-30,25592,226675812,8211,16558,15.6,948.0,1,1
2024-12-01,24474,212689245,8730,16994,14.7,955.0,1,1
2024-12-02,20638,177752851,8507,17055,14.2,948.0,0,0
2024-12-03,20008,171079939,8216,17269,14.6,976.0,0,0
2024-12-04,21326,187238923,7845,16293,15.1,960.0,1,0
2024-12-05,20701,175739612,8818,17469,14.3,964.0,0,0
2024-12-06,21196,182669045,8451,16929,14.1,963.0,0,0
2024-12-07,22759,194731188,8808,17035,15.0,971.0,0,1
2024-12-08,20908,178868488,8155,16604,15.0,957.0,0,1
2024-12-09,19188,162846159,8055,16234,14.3,935.0,0,0
2024-12-10,20045,170483948,8183,16719,14.4,961.0,0,0
2024-12-11,18855,162390322,8276,16760,14.9,945.0,0,0
2024-12-12,19815,169834611,7601,15958,13.6,947.0,0,0
2024-12-13,20352,174203945,8439,17032,13.6,965.0,0,0
2024-12-14,24528,212954915,8549,17119,14.1,975.0,1,1
2024-12-15,20427,178474715,8093,16241,14.5,957.0,0,1
2024-12-16,23274,202831587,8470,16081,14.9,962.0,1,0
2024-12-17,19505,166714995,8580,16426,15.8,983.0,0,0
2024-12-18,20940,178576933,8138,16576,15.3,961.0,0,0
2024-12-19,21060,183916422,7801,16419,14.5,997.0,0,0
2024-12-20,20723,176530871,8234,16507,14.6,967.0,0,0
2024-12-21,24628,214505316,8393,16635,13.8,932.0,1,1
2024-12-22,19092,163489622,7742,15828,14.6,971.0,0,1
2024-12-23,19394,164426918,7774,15873,14.4,965.0,0,0
2024-12-24,22924,201056199,7880,15127,14.8,979.0,1,0
2024-12-25,22406,196165207,8422,16948,13.9,971.0,0,1
2024-12-26,18272,156870391,8369,16473,15.0,959.0,0,0
2024-12-27,19928,170857492,8303,16978,15.8,943.0,0,0
2024-12-28,23999,208514690,7926,15875,14.5,959.0,1,1
2024-12-29,23952,212959414,8156,16446,14.9,949.0,1,1
2024-12-30,17881,156820565,8130,16531,15.1,954.0,0,0
2024-12-31,19379,167398861,8298,16133,14.2,972.0,0,0
2025-01-01,20224,174199666,7536,15628,14.7,988.0,0,1
2025-01-02,22238,189523469,8695,17269,14.5,970.0,0,0
2025-01-03,20680,177508675,8472,17087,14.6,946.0,0,0
2025-01-04,24898,215933685,8177,16188,13.9,971.0,1,1
2025-01-05,24954,215839772,8245,16626,14.5,983.0,1,1
2025-01-06,19516,163867280,8234,16121,14.8,956.0,0,0
2025-01-07,17805,153127848,7742,15859,15.6,964.0,0,0
2025-01-08,19980,168039251,8863,17263,15.2,966.0,0,0
2025-01-09,19586,166436729,7752,15516,16.1,955.0,0,0
2025-01-10,19698,168286541,7831,16194,13.8,976.0,0,0
2025-01-11,21426,185076581,8323,16374,15.1,965.0,0,1
2025-01-12,23069,195904060,8536,17152,14.5,974.0,0,1
2025-01-13,20623,178477045,8043,16769,16.1,955.0,0,0
2025-01-14,20265,175092818,7806,15480,13.7,962.0,0,0
2025-01-15,22802,197654383,8357,16311,13.7,980.0,1,0
2025-01-16,18829,163255151,8416,16319,13.9,963.0,0,0
2025-01-17,19435,165625338,8019,16190,12.6,995.0,0,0
2025-01-18,25516,221852098,8335,16611,13.9,964.0,1,1
2025-01-19,24607,214574793,7807,15594,13.7,974.0,1,1
2025-01-20,18117,154972489,8344,16092,14.4,985.0,0,0
2025-01-21,20138,171292911,8104,16533,14.6,950.0,0,0
2025-01-22,19335,163613117,8223,16632,15.8,945.0,0,0
2025-01-23,22281,193834989,8016,16366,15.0,949.0,1,0
2025-01-24,23151,203052386,7783,16146,13.8,991.0,1,0
2025-01-25,25168,219571073,8164,16229,13.5,964.0,1,1
2025-01-26,21549,185232119,8650,16659,14.6,1011.0,0,1
2025-01-27,19537,167134226,8113,16306,13.2,965.0,0,0
2025-01-28,18592,159163028,7708,15769,15.7,977.0,0,0
2025-01-29,21222,182569624,7874,15674,15.1,997.0,0,0
2025-01-30,21980,195672836,7891,15547,13.8,1005.0,1,0
2025-01-31,19855,172691545,8480,17022,12.8,1006.0,0,0
2025-02-01,26197,231348313,8631,16700,15.2,993.0,1,1
2025-02-02,25679,226003398,7960,16245,14.1,991.0,1,1
2025-02-03,20821,182134321,7980,16074,15.1,985.0,0,0
2025-02-04,20991,180287148,8068,16018,12.9,988.0,0,0
2025-02-05,20889,179176592,8506,16855,13.6,969.0,0,0
2025-02-06,20533,179983343,8641,17264,14.1,965.0,0,0
2025-02-07,19153,158326562,7751,16014,14.1,978.0,0,0
2025-02-08,25133,219178707,8913,16891,13.7,976.0,1,1
2025-02-09,24383,215732491,8123,16341,14.6,972.0,1,1
2025-02-10,20562,177726526,8135,16226,13.2,989.0,0,0
2025-02-11,20608,181293303,8668,17090,13.9,994.0,0,0
2025-02-12,20482,175292971,8042,16339,14.1,981.0,0,0
2025-02-13,20441,173888865,8261,16500,14.4,1002.0,0,0
2025-02-14,18997,161773331,8106,16483,14.6,963.0,0,0
2025-02-15,19388,166412136,7860,15553,13.1,978.0,0,1
2025-02-16,23929,212609795,8204,16518,12.8,970.0,1,1
2025-02-17,19075,166359782,8104,16101,15.0,954.0,0,0
2025-02-18,19022,162555971,7631,15680,14.2,981.0,0,0
2025-02-19,18950,162562017,7905,16142,13.4,981.0,0,0
2025-02-20,20039,170113297,7800,16147,15.2,1005.0,0,0
2025-02-21,22999,200470069,8325,16935,14.0,993.0,1,0
2025-02-22,21380,184790514,7434,15898,14.9,968.0,0,1
2025-02-23,21450,186541423,7962,16046,14.0,1012.0,0,1
2025-02-24,21371,181261933,8178,16569,15.6,1003.0,0,0
2025-02-25,18279,156850413,7930,15800,15.3,993.0,0,0
2025-02-26,21239,181027344,8081,16145,13.7,982.0,0,0
2025-02-27,18408,159166743,8079,15655,14.7,971.0,0,0
2025-02-28,19378,164915968,8999,16960,14.4,980.0,0,0
2025-03-01,21561,180418590,8409,16362,15.0,1003.0,0,1
2025-03-02,24515,211399881,8168,16518,13.1,1015.0,0,1
2025-03-03,21215,180730533,8400,16998,14.4,1010.0,0,0
2025-03-04,20012,170683113,8270,16193,14.7,980.0,0,0
2025-03-05,23429,205988676,7870,16413,12.4,971.0,1,0
2025-03-06,18751,161079167,7965,16056,12.9,990.0,0,0
2025-03-07,19641,168822743,7987,16070,12.2,962.0,0,0
2025-03-08,21487,180374034,8194,16155,13.6,994.0,0,1
2025-03-09,23208,199367618,8315,16385,14.3,987.0,0,1
2025-03-10,19757,165099387,8079,16455,15.0,983.0,0,0
2025-03-11,19965,172207630,8322,16809,13.8,966.0,0,0
2025-03-12,18651,161768263,8207,16236,15.0,998.0,0,0
2025-03-13,20441,171994460,8270,16859,12.6,983.0,0,0
2025-03-14,20684,177444866,8721,16960,12.4,974.0,0,0
2025-03-15,23936,211519358,8373,16502,13.7,949.0,1,1
2025-03-16,25084,218307993,8210,16352,14.0,992.0,1,1
2025-03-17,20468,176344273,8486,16816,13.7,1019.0,0,0
2025-03-18,20943,173462688,8253,16692,12.0,1018.0,0,0
2025-03-19,21376,184878392,8336,16923,13.6,986.0,0,0
2025-03-20,21316,182230988,8724,17618,12.6,985.0,0,0
2025-03-21,19537,166549841,8544,16888,14.2,1001.0,0,0
2025-03-22,21300,183998083,8318,16555,13.9,980.0,0,1
2025-03-23,23251,202091079,8141,16451,12.9,999.0,0,1
2025-03-24,22023,189173932,8396,16492,13.2,1007.0,0,1
2025-03-25,20948,182289428,8069,16208,12.7,1014.0,0,0
2025-03-26,21413,179898933,8576,17429,13.5,995.0,0,0
2025-03-27,22744,200648898,7985,15868,14.3,993.0,1,0
2025-03-28,21552,183911992,8423,17252,12.8,984.0,0,0
2025-03-29,24036,208714562,7961,16597,14.0,985.0,1,1
2025-03-30,22504,188420637,8398,16799,13.1,994.0,0,1
2025-03-31,19067,164297074,8184,16630,12.9,1004.0,0,0
2025-04-01,21266,183523580,8863,17827,13.4,1012.0,0,0
2025-04-02,21175,183658546,8375,17137,12.7,987.0,0,0
2025-04-03,20341,176273481,9016,17549,13.1,1022.0,0,0
2025-04-04,21943,185968081,8783,17830,12.5,996.0,0,0
2025-04-05,21646,187572411,8557,17287,15.0,1000.0,0,1
2025-04-06,25974,229560695,8393,16634,13.5,989.0,1,1
2025-04-07,20142,171651032,8299,17148,12.9,964.0,0,0
2025-04-08,19577,167475357,8167,16914,13.6,1014.0,0,0
2025-04-09,19426,164265692,8607,17061,13.3,1013.0,0,0
2025-04-10,20387,177249273,8557,17292,13.2,998.0,0,0
2025-04-11,22335,192826926,8470,17301,13.9,1003.0,1,0
2025-04-12,25785,226252441,8922,17602,14.0,1010.0,1,1
2025-04-13,27221,236164842,8689,17703,13.0,980.0,1,1
2025-04-14,20812,175682294,8638,17386,12.9,996.0,0,0
2025-04-15,20380,170496543,8663,17684,13.1,1016.0,0,0
2025-04-16,20964,178748188,8679,17237,11.5,985.0,0,0
2025-04-17,24050,202904830,9366,18199,12.1,1009.0,0,1
2025-04-18,24411,208591339,8272,17289,14.4,985.0,0,1
2025-04-19,27574,243929675,9123,18200,14.6,1012.0,1,1
2025-04-20,25618,224157015,8618,16894,13.1,1005.0,1,1
2025-04-21,21790,190191561,8652,17473,13.8,982.0,0,0
2025-04-22,21030,177814453,8538,17529,13.5,1024.0,0,0
2025-04-23,21478,180997118,9017,17866,15.7,996.0,0,0
2025-04-24,26253,227091469,9295,18189,14.2,995.0,1,0
2025-04-25,22391,196204299,8761,17165,13.2,1011.0,1,0
2025-04-26,23598,207053897,8707,17268,12.5,1025.0,0,1
2025-04-27,25595,220226271,8597,17154,12.0,993.0,1,1
2025-04-28,25125,220811826,9094,18548,13.4,1010.0,1,0
2025-04-29,21343,181031569,9208,18070,12.6,1016.0,0,0
2025-04-30,21119,180083894,8868,17412,12.1,1020.0,0,0
2025-05-01,26387,227786460,8656,17767,12.7,1013.0,1,1
2025-05-02,22104,190647277,9379,18613,12.3,1005.0,0,0
2025-05-03,23038,196734150,9089,17917,14.5,999.0,0,1
2025-05-04,25083,221393407,9137,17922,13.9,1013.0,1,1
2025-05-05,20803,178171990,8853,17735,13.1,996.0,0,0
2025-05-06,23865,204957252,8652,17648,14.3,968.0,1,0
2025-05-07,22767,196731586,9293,18787,13.2,1019.0,0,0
2025-05-08,27555,236217499,9333,19068,12.4,1026.0,1,0
2025-05-09,20934,175177195,8877,17774,14.3,978.0,0,0
2025-05-10,27087,234404095,9453,19005,13.5,999.0,1,1
2025-05-11,23245,196797789,9477,18095,12.3,1023.0,0,1
2025-05-12,22598,195920043,9500,18642,12.9,1045.0,0,0
2025-05-13,23513,200533187,9752,19117,12.4,1015.0,0,0
2025-05-14,22734,196737771,9282,18376,11.9,1004.0,0,0
2025-05-15,22750,193252165,9088,18322,13.8,1013.0,0,0
2025-05-16,23588,202170293,9407,18924,14.6,1037.0,0,0
2025-05-17,26485,232077585,8966,18006,11.9,1007.0,1,1
2025-05-18,26749,229763631,9624,19172,13.5,1005.0,0,1
2025-05-19,22266,189341148,9431,18707,12.5,1010.0,0,0
2025-05-20,22250,189372290,9193,18385,12.6,1003.0,0,0
2025-05-21,23231,197887239,9147,18410,12.5,1020.0,0,0
2025-05-22,22228,186676175,8911,18059,12.3,1043.0,0,0
2025-05-23,20535,175403696,8982,18521,13.0,1024.0,0,0
2025-05-24,27541,239346131,9605,18696,12.3,1015.0,1,1
2025-05-25,27795,243432646,9610,18337,13.1,1015.0,1,1
2025-05-26,21686,185509602,9682,18884,12.9,996.0,0,0
2025-05-27,23722,205343764,9339,19182,12.7,1034.0,0,0
2025-05-28,23068,197238177,9596,18878,12.2,1020.0,0,0
2025-05-29,24276,206239589,9883,19356,12.4,1018.0,0,0
2025-05-30,21947,187733894,9250,18661,13.5,1069.0,0,0
2025-05-31,26427,227103834,9901,19606,13.3,1026.0,0,1
2025-06-01,25275,212302085,9511,19205,12.1,1011.0,0,1
2025-06-02,28463,246521003,10284,19957,12.9,1016.0,1,0
2025-06-03,26851,227885147,10289,20432,13.4,1040.0,0,0
2025-06-04,24169,207283480,9332,19030,11.5,1025.0,0,0
2025-06-05,23395,200914073,9680,19092,13.2,1002.0,0,0
2025-06-06,25029,213986955,9824,19224,12.3,1038.0,0,0
2025-06-07,26207,218817224,9883,19686,13.2,1015.0,0,1
2025-06-08,28489,244905664,10142,20092,12.2,1053.0,1,1
2025-06-09,23044,196438136,9558,19143,11.3,1042.0,0,0
2025-06-10,27354,237525061,9624,19702,11.5,1019.0,1,0
2025-06-11,24146,206296741,9712,19484,12.8,1045.0,0,0
2025-06-12,26086,226820204,10056,19903,12.9,1028.0,1,0
2025-06-13,23697,205527785,10169,20390,12.0,1040.0,0,0
2025-06-14,25299,211488617,9939,19557,13.2,1035.0,0,1
2025-06-15,25190,215735255,9364,18884,11.4,1015.0,0,1
2025-06-16,27790,243889021,10001,20132,12.6,1018.0,1,0
2025-06-17,23481,202035577,9859,19386,11.7,1044.0,0,0
2025-06-18,23162,199475546,9931,19773,12.1,1024.0,0,0
2025-06-19,25828,222423232,10058,20280,12.7,1023.0,0,0
2025-06-20,25336,215163040,10245,20077,12.0,1015.0,0,1
2025-06-21,27048,228741032,9822,19919,12.3,1036.0,0,1
2025-06-22,26367,221111137,9717,19725,13.4,1061.0,0,1
2025-06-23,23452,199631794,8737,18605,12.2,1015.0,0,0
2025-06-24,24283,205882434,10112,20446,13.3,1032.0,0,0
2025-06-25,24007,207435718,10268,20013,11.7,1053.0,0,0
2025-06-26,25273,215276384,10055,20938,13.0,1031.0,0,0
2025-06-27,24230,204933189,10021,20423,13.7,1039.0,0,0
2025-06-28,29277,252494429,10086,19996,10.6,1017.0,1,1
2025-06-29,31378,276730640,9972,20842,11.9,1040.0,1,1
2025-06-30,24178,206499827,10361,20927,13.0,1031.0,0,0
2025-07-01,23920,202805991,10370,20284,12.4,1049.0,0,0
2025-07-02,24732,211522084,10925,21033,12.8,1052.0,0,0
2025-07-03,24273,211188278,10159,20201,12.0,1074.0,0,0
2025-07-04,27717,240859139,10115,20601,12.6,1044.0,1,0
2025-07-05,27741,238212521,10232,20849,12.4,1040.0,0,1
2025-07-06,30330,266216922,10528,20999,13.4,1039.0,1,1
2025-07-07,25496,213964152,10536,20959,12.7,1031.0,0,0
2025-07-08,25053,212715675,10634,20525,12.7,1042.0,0,0
2025-07-09,27836,239761173,10834,21280,12.1,1033.0,0,1
2025-07-10,28523,247086893,10374,20714,12.0,1040.0,1,0
2025-07-11,24649,211403751,10200,20534,12.1,1058.0,0,0
2025-07-12,31120,269026037,10895,20584,12.7,1023.0,1,1
2025-07-13,30386,258445896,11062,21873,12.1,1056.0,0,1
2025-07-14,25360,215484272,10153,20574,12.6,1059.0,0,0
2025-07-15,26246,225402340,10772,21633,14.0,1038.0,0,0
2025-07-16,25155,215228660,10056,20462,13.1,1008.0,0,0
2025-07-17,24801,212037219,10177,21316,12.1,1031.0,0,0
2025-07-18,25764,225068990,10694,21262,13.3,1060.0,0,0
2025-07-19,27878,241483395,11339,21966,12.0,1041.0,0,1
2025-07-20,30556,261789513,10109,20871,10.7,1026.0,1,1
2025-07-21,24451,207980681,10398,20774,11.5,1034.0,0,0
2025-07-22,25297,220932427,10470,21223,10.8,1055.0,0,0
2025-07-23,25194,214050820,11182,22155,12.0,1051.0,0,0
2025-07-24,24273,211534992,10427,20923,12.3,1039.0,0,0
2025-07-25,24522,208622346,9784,20112,13.6,1038.0,0,0
2025-07-26,30181,262108505,10542,21477,12.5,1038.0,1,1
2025-07-27,32311,282400643,10816,21964,12.1,1030.0,1,1
2025-07-28,24571,209742086,10780,21023,12.9,1069.0,0,0
2025-07-29,26861,230347749,11256,21995,10.5,1040.0,0,0
2025-07-30,24810,215098897,10485,21094,12.4,1064.0,0,0
2025-07-31,29311,256730102,11036,21580,12.8,1069.0,1,0
2025-08-01,25362,216921064,11000,22070,11.0,1061.0,0,0
2025-08-02,27111,234830554,10505,21141,13.1,1040.0,0,1
2025-08-03,27668,237984375,10944,21866,12.4,1053.0,0,1
2025-08-04,27719,235191414,11268,22423,11.8,1047.0,0,0
2025-08-05,26984,234358150,10935,22092,12.7,1034.0,0,0
2025-08-06,27961,245006231,10772,21535,14.0,1053.0,1,0
2025-08-07,30175,262091146,11505,22695,12.3,1031.0,1,0
2025-08-08,26255,220192865,11178,22305,12.3,1067.0,0,0
2025-08-09,31166,268197847,10551,21085,11.7,1042.0,1,1
2025-08-10,33107,290862770,11342,22487,11.4,1053.0,1,1
2025-08-11,28122,248570331,11037,21808,12.7,1054.0,1,0
2025-08-12,30443,264983068,11103,22231,11.4,1047.0,1,0
2025-08-13,26659,224121012,11243,22676,12.1,1060.0,0,0
2025-08-14,26225,221782549,11006,21936,11.7,1044.0,0,0
2025-08-15,25844,217491463,10394,21426,12.4,1065.0,0,0
2025-08-16,34204,293445777,11478,23040,12.3,1032.0,1,1
2025-08-17,31792,280339605,10960,22908,12.8,1054.0,1,1
2025-08-18,27560,239461836,10825,22320,11.6,1082.0,0,0
2025-08-19,26561,224564806,11049,22829,11.8,1038.0,0,0
2025-08-20,28818,250978530,11337,22255,11.2,1043.0,1,0
2025-08-21,30159,259843908,11265,22525,11.6,1062.0,1,0
2025-08-22,30053,261477024,10969,22442,12.3,1057.0,1,0
2025-08-23,26705,231331108,11292,22387,12.6,1060.0,0,1
2025-08-24,33355,291736938,11582,22768,11.2,1062.0,1,1
2025-08-25,24820,213652326,11112,22021,12.6,1065.0,0,0
2025-08-26,27033,230465141,11230,22535,13.0,1073.0,0,0
2025-08-27,28593,246626434,11473,22854,12.2,1062.0,0,0
2025-08-28,30255,259513837,12006,23652,13.4,1053.0,0,0
2025-08-29,26438,226597831,10999,22185,11.3,1067.0,0,0
2025-08-30,28640,244295181,11538,23065,10.9,1086.0,0,1
2025-08-31,33924,295046746,11526,23155,10.4,1056.0,1,1
2025-09-01,27120,232140503,10645,21936,13.0,1044.0,0,0
2025-09-02,27453,233342637,11740,23114,12.4,1075.0,0,0
2025-09-03,27674,234736167,12103,23384,11.8,1057.0,0,0
2025-09-04,27455,232400686,11461,23272,12.0,1027.0,0,0
2025-09-05,27396,232073274,11678,22970,10.9,1073.0,0,0
2025-09-06,33212,287977794,11438,23212,13.8,1052.0,1,1
2025-09-07,32450,281178630,11609,23164,11.9,1059.0,1,1
2025-09-08,29475,255362033,11435,22267,11.9,1066.0,1,0
2025-09-09,28510,242009437,11517,23242,12.3,1064.0,0,0
2025-09-10,26514,227024760,11494,22994,12.1,1072.0,0,0
2025-09-11,27234,235300215,11069,22858,11.9,1056.0,0,0
2025-09-12,31148,270806169,12110,24485,11.1,1070.0,1,0
2025-09-13,33873,293826838,11569,23900,12.1,1059.0,1,1
2025-09-14,27832,235776227,11451,22730,13.2,1074.0,0,1
2025-09-15,32031,277890360,11921,23510,12.8,1073.0,1,0
2025-09-16,27970,241175673,12004,24097,13.0,1050.0,0,0
2025-09-17,25870,223050922,11382,22650,11.3,1081.0,0,0
2025-09-18,27975,240780447,11668,23467,10.9,1057.0,0,0
2025-09-19,29702,255415738,11909,23521,11.6,1077.0,0,0
2025-09-20,30097,257768965,11451,22851,11.7,1071.0,0,1
2025-09-21,29021,248574914,11457,23708,12.5,1094.0,0,1
2025-09-22,30958,269695501,12240,24105,10.3,1063.0,1,0
2025-09-23,31986,277109229,12087,24330,12.8,1062.0,1,0
2025-09-24,30072,256846399,11485,23479,11.5,1067.0,0,0
2025-09-25,29215,249821699,12354,24883,11.2,1063.0,0,0
2025-09-26,26520,227766337,10935,22631,10.8,1080.0,0,0
2025-09-27,34966,303455513,11683,23866,10.2,1044.0,1,1
2025-09-28,32872,289675323,11533,23009,12.2,1053.0,1,1
2025-09-29,29492,249315376,11939,23787,11.6,1053.0,0,0
2025-09-30,30735,268840451,11815,23507,10.5,1084.0,1,0
2025-10-01,28886,246544513,12025,24048,10.5,1096.0,0,0
2025-10-02,29668,253251293,11740,23757,11.2,1069.0,0,0
2025-10-03,28111,238386348,11706,23433,12.8,1068.0,0,0
2025-10-04,31195,268268187,11658,23491,11.3,1072.0,0,1
2025-10-05,32253,276545183,12106,24862,10.3,1089.0,0,1
2025-10-06,28244,242799275,11917,24142,11.3,1058.0,0,0
2025-10-07,27807,237773991,11725,23094,11.2,1076.0,0,0
2025-10-08,32987,285826710,12440,24244,9.3,1087.0,1,0
2025-10-09,29318,250150877,12078,23895,11.4,1081.0,0,0
2025-10-10,28896,247558931,12317,24017,11.2,1076.0,0,0
2025-10-11,32933,282008348,12241,24448,12.0,1089.0,1,1
2025-10-12,30249,259896366,12674,24652,12.9,1034.0,0,1
2025-10-13,27225,237349886,12237,23653,12.3,1085.0,0,0
2025-10-14,28605,245168170,11698,24089,11.2,1065.0,0,0
2025-10-15,28426,242107147,11970,23852,10.5,1048.0,0,0
2025-10-16,28262,240988529,12240,24445,13.4,1084.0,0,0
2025-10-17,29789,255718585,11941,24051,11.4,1097.0,0,0
2025-10-18,30139,256739923,12199,24202,11.3,1075.0,0,1
2025-10-19,29899,256969851,12044,24072,11.3,1091.0,0,1
2025-10-20,29188,248851719,11939,24173,11.5,1102.0,0,0
2025-10-21,31007,268085867,12544,25098,11.2,1098.0,0,0
2025-10-22,35306,309577192,12971,25460,10.8,1103.0,1,0
2025-10-23,29940,254919661,12272,24471,10.8,1090.0,0,0
2025-10-24,30473,259938452,12251,24251,11.2,1080.0,0,0
2025-10-25,29361,250578762,11705,23521,10.8,1055.0,0,1
2025-10-26,35581,308496567,12068,23955,10.7,1076.0,1,1
2025-10-27,27764,235167142,11903,24289,11.3,1068.0,0,0
2025-10-28,31521,271866979,11906,24011,11.0,1113.0,1,0
2025-10-29,32452,284419515,12019,24080,12.4,1078.0,1,0
2025-10-30,32051,280696074,12339,25189,9.1,1083.0,1,0
2025-10-31,28685,247057541,12049,24431,12.1,1090.0,0,0
2025-11-01,33628,291782243,12308,24490,12.2,1083.0,1,1
2025-11-02,30793,266632524,12080,24109,9.5,1108.0,0,1
2025-11-03,31303,267104562,12686,25049,10.9,1074.0,0,0
2025-11-04,29362,252388752,12063,24367,10.9,1086.0,0,0
2025-11-05,28809,243172256,12125,24227,10.0,1073.0,0,0
2025-11-06,29251,254238029,11721,23710,10.5,1064.0,1,0
2025-11-07,29859,254564858,12382,24482,10.2,1075.0,0,0
2025-11-08,34839,302084525,12363,24249,12.5,1084.0,1,1
2025-11-09,31203,263653502,12786,25379,11.8,1079.0,0,1
2025-11-10,30618,262735762,12947,25470,12.1,1075.0,0,0
2025-11-11,28991,249545721,11977,23942,11.7,1065.0,0,0
2025-11-12,29691,251970781,12166,24009,10.2,1085.0,0,0
2025-11-13,28857,244053817,12236,24442,10.6,1064.0,0,0
2025-11-14,28428,241199117,11886,24182,11.4,1099.0,0,0
2025-11-15,34395,299437497,12404,24709,10.1,1089.0,1,1
2025-11-16,35469,306359293,12024,24446,11.6,1066.0,1,1
2025-11-17,30653,261366370,12847,24758,10.8,1084.0,0,0
2025-11-18,32252,273073079,12500,25134,10.7,1078.0,0,1
2025-11-19,32848,289260573,12180,24102,11.6,1094.0,1,0
2025-11-20,31383,273011897,12567,25139,11.3,1110.0,1,0
2025-11-21,29880,257341431,11895,24284,10.7,1062.0,0,0
2025-11-22,35090,305343340,12485,25730,11.9,1092.0,1,1
2025-11-23,34089,290760740,12886,25472,10.1,1088.0,0,1
2025-11-24,31792,276145675,12615,24611,11.4,1101.0,1,0
2025-11-25,31458,272037513,11949,24192,11.4,1095.0,1,0
2025-11-26,29479,250751574,11719,24101,10.7,1081.0,0,0
2025-11-27,33780,291202395,12495,25120,11.2,1088.0,1,0
2025-11-28,29359,248398768,12149,24673,9.9,1081.0,0,0
2025-11-29,35594,312830751,12447,25155,11.6,1109.0,1,1
2025-11-30,33463,286087325,13021,25798,10.7,1094.0,0,1
2025-12-01,32603,286178934,12147,24314,10.4,1122.0,1,0
2025-12-02,28690,243369875,11878,24087,11.7,1093.0,0,0
2025-12-03,30273,255901293,12518,24800,10.3,1084.0,0,0
2025-12-04,31567,267435944,12773,25279,9.7,1072.0,0,0
2025-12-05,31212,270525856,12052,24238,9.6,1068.0,1,0
2025-12-06,34108,296063000,12391,24727,11.3,1072.0,1,1
2025-12-07,35606,308449127,12802,25395,9.8,1100.0,1,1
2025-12-08,32938,284530618,12032,23894,12.2,1104.0,1,1
2025-12-09,28459,243149930,12423,24829,9.1,1073.0,0,0
2025-12-10,30315,259139272,12507,24441,12.1,1111.0,0,0
2025-12-11,28052,240937553,12503,24772,10.9,1091.0,0,0
2025-12-12,29865,257893365,12442,25064,10.7,1100.0,0,0
2025-12-13,32501,276653712,12320,24818,10.3,1123.0,0,1
2025-12-14,34366,300653961,11989,24201,11.0,1112.0,1,1
2025-12-15,29143,248942375,12353,24453,10.7,1095.0,0,0
2025-12-16,29729,250727862,12583,25415,11.6,1086.0,0,0
2025-12-17,30217,261479042,12347,24863,10.8,1068.0,0,0
2025-12-18,29457,256019573,12770,25116,10.8,1090.0,0,0
2025-12-19,33103,288711693,12447,24817,10.4,1098.0,1,0
2025-12-20,35333,306597070,12786,25093,10.6,1087.0,1,1
2025-12-21,34614,299776190,12403,24486,10.9,1100.0,1,1
2025-12-22,28752,244567104,11912,24295,9.3,1103.0,0,0
2025-12-23,31805,273862903,12508,25056,9.5,1099.0,0,0
2025-12-24,30674,261787454,12814,25232,11.2,1093.0,0,0
2025-12-25,33935,297901380,11859,24206,10.7,1106.0,1,1
2025-12-26,29565,252482225,12268,24369,10.4,1110.0,0,0
2025-12-27,30972,263525307,12277,24569,10.6,1088.0,0,1
2025-12-28,32347,274872899,12376,25453,10.8,1126.0,0,1
2025-12-29,31925,270978068,12483,24918,10.1,1103.0,0,0
2025-12-30,28257,242318792,11816,23967,9.9,1106.0,0,0
2025-12-31,29538,249600013,12053,24574,10.7,1116.0,0,0
2026-01-01,31134,264112325,12247,24490,9.7,1110.0,0,1
2026-01-02,28101,242628465,11622,24017,10.8,1121.0,0,0
2026-01-03,34900,300851901,12137,24543,9.1,1111.0,1,1
2026-01-04,31468,270301410,12731,24441,11.3,1098.0,0,1
2026-01-05,30114,252955976,12328,24395,10.9,1113.0,0,0
2026-01-06,32993,289431674,12005,24363,10.7,1091.0,1,0
2026-01-07,31182,263616536,12927,25292,11.2,1110.0,0,0
2026-01-08,28613,242565713,11984,24364,11.8,1108.0,0,0
2026-01-09,30094,258265685,12169,24559,11.2,1106.0,0,0
2026-01-10,35036,304454816,12017,24494,8.9,1108.0,1,1
2026-01-11,30402,261288975,12181,24259,9.4,1082.0,0,1
2026-01-12,32303,278120975,12544,24540,9.9,1102.0,1,0
2026-01-13,28370,241683389,12060,24520,10.4,1112.0,0,0
2026-01-14,30065,255431344,11845,24515,10.8,1113.0,0,0
2026-01-15,29481,249464122,12235,24033,9.8,1096.0,0,0
2026-01-16,30473,261343295,12484,24346,10.5,1131.0,0,0
2026-01-17,31706,272486103,12009,24816,9.7,1099.0,0,1
2026-01-18,34672,300165268,12258,24332,9.8,1127.0,1,1
2026-01-19,30289,261620923,12290,24489,9.2,1119.0,0,0
2026-01-20,28880,245012600,12081,24477,9.6,1104.0,0,0
2026-01-21,28895,249744435,12015,24588,9.2,1140.0,0,0
2026-01-22,29104,249604478,12520,24644,9.5,1096.0,0,0
2026-01-23,31948,275238866,12167,24262,11.1,1128.0,1,0
2026-01-24,33070,291188049,11990,23878,9.5,1130.0,1,1
2026-01-25,33016,285852045,11730,23708,12.4,1105.0,1,1
2026-01-26,30592,263579235,12245,24811,10.6,1137.0,0,0
2026-01-27,29639,253334798,11845,24671,10.4,1112.0,0,0
2026-01-28,29870,255764882,12251,24594,9.5,1121.0,0,0
2026-01-29,29261,251641914,12617,24658,10.8,1121.0,0,0
2026-01-30,28603,245932202,11899,24154,9.7,1115.0,0,0
2026-01-31,34027,294675207,11648,23905,10.3,1130.0,1,1
2026-02-01,30666,262854331,11942,23710,12.2,1130.0,0,1
2026-02-02,29096,249321200,11943,23637,10.1,1092.0,0,0
2026-02-03,33879,294536622,12268,24770,11.1,1138.0,1,0
2026-02-04,31235,271184867,11880,23899,9.6,1094.0,1,0
2026-02-05,33387,290347630,12380,24654,10.1,1135.0,1,0
2026-02-06,28067,243641581,11976,24014,11.5,1137.0,0,0
2026-02-07,32269,274800445,12075,23750,9.6,1104.0,0,1
2026-02-08,32709,286554675,12248,23522,11.6,1115.0,1,1
2026-02-09,29170,247810727,11536,23756,10.7,1105.0,0,0
2026-02-10,28929,245251871,12615,24739,9.6,1118.0,0,0
2026-02-11,28152,246961799,11755,23468,10.6,1117.0,0,0
2026-02-12,34408,299682048,12802,25048,10.8,1134.0,1,0
2026-02-13,27719,237888527,11919,23549,10.5,1142.0,0,0
2026-02-14,36065,313886956,12174,24323,8.8,1144.0,1,1
2026-02-15,30733,265160099,12080,23855,9.4,1115.0,0,1
2026-02-16,29388,251734620,11794,23746,9.8,1121.0,0,0
2026-02-17,28331,243544944,11470,23249,9.9,1099.0,0,0
2026-02-18,29054,245954863,12069,23814,10.5,1113.0,0,0
2026-02-19,26888,231655847,11462,23262,10.1,1140.0,0,0
2026-02-20,27312,232828479,11618,22979,8.9,1150.0,0,0
2026-02-21,34696,302366485,11935,23857,10.3,1107.0,1,1
2026-02-22,32986,283067760,11263,23458,10.4,1117.0,1,1
2026-02-23,29738,255159359,12183,24595,10.4,1126.0,0,0
2026-02-24,27951,234230707,12182,24230,10.8,1131.0,0,0
2026-02-25,29149,248329669,12197,24556,10.6,1115.0,0,0
2026-02-26,29025,244435397,11163,23344,10.3,1134.0,0,0
2026-02-27,27561,236655573,12129,23729,9.8,1121.0,0,0
2026-02-28,32480,282346540,11198,22328,8.6,1128.0,1,1
2026-03-01,30425,258207925,11826,23474,10.2,1137.0,0,1
2026-03-02,28292,244480816,11725,23640,10.0,1130.0,0,0
2026-03-03,28261,239548167,11928,23644,10.1,1123.0,0,0
2026-03-04,27946,232607612,12128,23522,8.8,1129.0,0,0
2026-03-05,28055,240623770,11629,23553,9.0,1129.0,0,0
2026-03-06,27423,230688303,11403,22139,10.7,1126.0,0,0
2026-03-07,30086,255128981,11879,23599,9.8,1128.0,0,1
2026-03-08,34987,302510807,11670,23688,10.3,1156.0,1,1
2026-03-09,32263,277528512,12488,24091,9.8,1141.0,1,0
2026-03-10,27950,237715545,11869,23582,9.8,1128.0,0,0
2026-03-11,31861,274150936,11789,23307,10.5,1143.0,1,0
2026-03-12,32292,280934766,11896,23900,9.3,1128.0,1,0
2026-03-13,25365,214296009,10913,22144,9.8,1151.0,0,0
2026-03-14,31934,277639293,11554,23040,9.4,1140.0,1,1
2026-03-15,29489,254113515,11761,22890,9.4,1133.0,0,1
2026-03-16,26723,229852246,11553,23230,9.5,1142.0,0,0
2026-03-17,28331,241762079,11056,22123,9.9,1112.0,0,0
2026-03-18,29397,249016025,12219,23856,9.3,1119.0,0,0
2026-03-19,27756,237362354,11463,23046,10.7,1118.0,0,0
2026-03-20,30806,266598562,11755,23305,9.0,1139.0,1,0
2026-03-21,29515,252442747,11791,23232,9.5,1163.0,0,1
2026-03-22,29017,244384930,11824,23726,9.3,1171.0,0,1
2026-03-23,25294,217760522,11131,22138,10.8,1147.0,0,0
2026-03-24,31354,267721433,11682,23099,9.8,1146.0,0,1
2026-03-25,29678,257791033,11715,23590,10.4,1111.0,0,0
2026-03-26,30183,265298623,11634,22942,8.4,1131.0,1,0
2026-03-27,27826,238780374,11135,22489,9.8,1127.0,0,0
2026-03-28,29683,253187514,11183,22637,10.3,1130.0,0,1
2026-03-29,32874,284107791,11053,22717,9.6,1138.0,1,1
2026-03-30,29004,254551819,11162,22526,10.4,1133.0,1,0
2026-03-31,26007,221711560,11229,22785,9.1,1111.0,0,0
2026-04-01,29368,253116729,11714,23589,10.7,1152.0,0,0
2026-04-02,27541,236026146,11377,22510,11.4,1126.0,0,1
2026-04-03,29043,248827494,10924,22539,9.2,1146.0,0,1
2026-04-04,29406,252314052,11098,22986,9.1,1174.0,0,1
2026-04-05,28916,245075746,11172,22643,10.7,1129.0,0,1
2026-04-06,26810,226945728,11112,22040,10.7,1105.0,0,0
2026-04-07,26749,226392081,11382,22648,9.1,1139.0,0,0
2026-04-08,30556,267980994,11148,22603,9.1,1160.0,1,0
2026-04-09,27967,237002057,11791,23114,9.2,1174.0,0,0
2026-04-10,28328,240271681,10925,22114,8.4,1126.0,0,0
2026-04-11,31685,276550534,11625,23065,8.7,1153.0,1,1
2026-04-12,32136,278790902,11177,22499,8.6,1139.0,1,1
2026-04-13,29821,258862912,10810,21968,8.8,1144.0,1,0
2026-04-14,26124,222306890,10800,21842,9.4,1186.0,0,0
2026-04-15,27167,227392237,11865,23437,9.6,1124.0,0,0
2026-04-16,27958,236860237,11254,22364,10.6,1151.0,0,0
2026-04-17,27849,240234626,11637,22887,8.6,1155.0,0,0
2026-04-18,29950,259660204,10842,21539,10.1,1164.0,1,1
2026-04-19,33889,290405521,11521,23686,9.2,1150.0,1,1
2026-04-20,28822,244124012,11817,22788,9.3,1153.0,0,0
2026-04-21,29711,259406208,11169,22188,9.9,1143.0,1,0
2026-04-22,26679,228604569,11172,22138,8.4,1153.0,0,0
2026-04-23,28529,243052939,11241,22633,9.6,1145.0,0,0
2026-04-24,29434,254970592,11512,22579,9.4,1160.0,1,0
2026-04-25,33264,286084608,10934,22306,9.7,1145.0,1,1
2026-04-26,29528,252881370,11219,22195,9.5,1157.0,0,1
2026-04-27,26310,226461741,10807,22445,11.2,1151.0,0,0
2026-04-28,25105,217139260,10770,21269,8.7,1169.0,0,0
2026-04-29,26010,220014825,10749,21929,8.8,1151.0,0,0
2026-04-30,24166,209268046,10689,21267,8.7,1126.0,0,0
2026-05-01,32167,279478276,11455,22368,8.8,1172.0,1,1
2026-05-02,27454,234552144,11016,21703,8.7,1140.0,0,1
2026-05-03,27829,239477684,10860,21231,10.1,1144.0,0,1
2026-05-04,24997,212537592,11022,21596,10.3,1145.0,0,0
2026-05-05,27308,228965394,10917,22043,8.7,1175.0,0,0
2026-05-06,26913,231293223,11041,21842,8.5,1123.0,0,0
2026-05-07,25156,215725141,10322,21334,9.5,1202.0,0,0
2026-05-08,28659,249052946,10385,21045,8.7,1172.0,1,0
2026-05-09,28475,244441563,11234,21911,9.6,1159.0,0,1
2026-05-10,29173,250780387,10703,21560,9.3,1156.0,0,1
2026-05-11,25328,213424987,10475,21698,7.9,1161.0,0,0
2026-05-12,26063,222745526,11265,21724,10.3,1165.0,0,0
2026-05-13,25999,217603375,11110,21996,10.5,1167.0,0,0
2026-05-14,26771,228472114,11244,22182,8.6,1166.0,0,0
2026-05-15,26713,227475016,10708,21809,8.7,1160.0,0,0
2026-05-16,27458,235532818,10833,21553,9.3,1156.0,0,1
2026-05-17,30869,266397390,10904,21704,9.3,1157.0,1,1
2026-05-18,26689,227170527,10586,21500,9.5,1157.0,0,0
2026-05-19,26195,217402386,10379,20826,10.6,1177.0,0,0
2026-05-20,30118,263287008,10786,22172,8.9,1169.0,1,0
2026-05-21,26469,225926700,10959,22056,8.4,1117.0,0,0
2026-05-22,27023,231040983,11483,22577,7.9,1171.0,0,0
2026-05-23,32797,281951639,11202,22702,8.4,1164.0,1,1
2026-05-24,27442,235215124,10858,20953,8.9,1162.0,0,1
2026-05-25,26420,229032499,10389,21353,10.4,1157.0,0,1
2026-05-26,27883,237815675,11326,22756,8.5,1180.0,0,0
2026-05-27,25181,216515678,10599,21460,9.1,1177.0,0,0
2026-05-28,27880,241390758,10755,21582,8.9,1152.0,1,0
2026-05-29,23598,201599288,10614,20680,9.9,1170.0,0,0
2026-05-30,27737,233851819,10551,21496,10.9,1150.0,0,1
2026-05-31,31143,272435744,11094,22368,8.5,1144.0,1,1
2026-06-01,27686,241806681,11144,22026,8.5,1156.0,1,0
2026-06-02,25102,212106427,10548,21059,9.7,1178.0,0,0
2026-06-03,25102,212943276,10609,21147,9.4,1180.0,0,0
2026-06-04,24912,213048172,10188,20762,10.3,1174.0,0,0
2026-06-05,24675,212763230,10428,20884,9.3,1178.0,0,0
2026-06-06,30984,272498054,10394,20336,8.5,1175.0,1,1
2026-06-07,31007,269449249,10294,21231,9.3,1158.0,1,1
2026-06-08,26132,220566703,10867,22012,9.7,1174.0,0,0
2026-06-09,28767,251176430,10345,21417,9.4,1180.0,1,0
2026-06-10,27537,238814265,11060,21906,9.2,1180.0,0,0
2026-06-11,26976,227237503,11117,21743,9.6,1187.0,0,0
2026-06-12,24101,204129309,10422,20917,9.7,1180.0,0,0
2026-06-13,29292,256378929,10196,20795,9.8,1175.0,1,1
2026-06-14,29451,256826698,10204,20798,9.2,1186.0,1,1
2026-06-15,27107,235489461,10083,20285,8.6,1170.0,1,0
2026-06-16,28012,244700228,10512,21144,8.8,1158.0,1,0
2026-06-17,23737,204888590,10013,19661,9.7,1169.0,0,0
2026-06-18,26379,225185827,10564,21395,8.0,1161.0,0,0
2026-06-19,26184,223353985,10648,21121,9.0,1162.0,0,0
2026-06-20,30424,265952048,10592,21307,8.3,1170.0,1,1
2026-06-21,26712,227671970,10644,21586,8.7,1161.0,0,1
2026-06-22,24656,213030047,10505,21143,9.7,1169.0,0,0
2026-06-23,25915,225475979,10991,21847,8.8,1145.0,0,0
2026-06-24,24716,209477116,10847,21329,8.7,1177.0,0,0
2026-06-25,28784,248338949,10264,20628,7.5,1175.0,1,0
2026-06-26,24223,207801938,10197,20875,9.2,1163.0,0,0
2026-06-27,26435,223311491,10126,19852,9.1,1185.0,0,1
2026-06-28,25397,214459345,10080,20520,10.3,1190.0,0,1
2026-06-29,25564,214347588,10437,20769,8.3,1152.0,0,0
2026-06-30,25471,216903996,10606,21222,8.7,1165.0,0,0
2026-07-01,26003,222124519,10250,20564,8.7,1165.0,0,0
2026-07-02,26578,231041274,10056,20306,9.8,1163.0,1,0
2026-07-03,26638,235393666,10112,19975,8.4,1190.0,1,0
2026-07-04,26554,229515775,9589,20611,8.7,1175.0,0,1
2026-07-05,28247,245131188,11165,21876,9.0,1174.0,0,1
2026-07-06,28071,244845557,10331,21027,8.6,1149.0,1,0
2026-07-07,25481,220145138,10758,21353,8.1,1189.0,0,0
2026-07-08,24352,208770705,10284,20425,8.6,1161.0,0,0
2026-07-09,24558,210340765,10295,20081,9.3,1181.0,0,1
2026-07-10,25213,214560728,10165,20250,7.6,1185.0,0,0
2026-07-11,32375,276862206,10237,20805,8.5,1201.0,1,1
2026-07-12,29174,255415583,9604,19849,7.9,1162.0,1,1
2026-07-13,23609,204120772,10099,20337,9.4,1136.0,0,0
2026-07-14,23940,201623764,9879,20541,7.2,1185.0,0,0
2026-07-15,24813,212100103,9958,20168,7.9,1209.0,0,0
2026-07-16,24143,208399794,9822,19762,8.7,1201.0,0,0
2026-07-17,25047,213366502,10344,20963,9.6,1186.0,0,0
2026-07-18,30725,269724707,10427,20837,8.3,1176.0,1,1
2026-07-19,25908,221133434,10553,21200,7.9,1196.0,0,1
2026-07-20,25021,212798183,10060,20251,9.8,1170.0,0,0
2026-07-21,28729,252889074,10107,21183,7.2,1192.0,1,0
2026-07-22,28201,244033993,10524,21565,6.6,1193.0,1,0
2026-07-23,24087,204490692,10593,20928,8.7,1201.0,0,0
2026-07-24,24808,210303908,10406,20490,7.9,1227.0,0,0
2026-07-25,28284,239320809,10065,20866,7.5,1192.0,0,1
2026-07-26,26491,226658568,10069,20463,8.8,1179.0,0,1
2026-07-27,23890,203226131,10403,20378,8.5,1187.0,0,0
2026-07-28,25626,219959226,10422,21131,7.8,1161.0,0,0
2026-07-29,26438,222430719,10338,20720,7.2,1177.0,0,0
2026-07-30,29134,251575904,10984,21392,8.9,1182.0,1,0
2026-07-31,28231,246247658,10212,20568,8.7,1181.0,1,0
2026-08-01,30841,271278861,10209,20620,8.1,1191.0,1,1
2026-08-02,30105,262826504,10223,20508,9.7,1177.0,1,1
2026-08-03,23776,202124219,10487,20233,7.3,1207.0,0,0
2026-08-04,24166,203621937,10690,21202,7.0,1190.0,0,0
2026-08-05,25650,217919308,10949,21890,7.6,1190.0,0,0
2026-08-06,23966,204812032,10200,20609,8.1,1186.0,0,0
2026-08-07,25202,210695616,10339,20463,8.3,1194.0,0,0
2026-08-08,27280,230657260,10349,20434,7.9,1204.0,0,1
2026-08-09,29822,258190888,10020,20470,8.4,1179.0,1,1
2026-08-10,25070,213763183,10957,21639,7.1,1183.0,0,0
2026-08-11,26100,222929327,10200,20460,9.2,1188.0,0,0
2026-08-12,24422,207538264,10270,20531,8.0,1173.0,0,0
2026-08-13,24852,213434746,9928,20209,9.0,1181.0,0,0
2026-08-14,25337,216800914,10411,20982,8.3,1187.0,0,0
2026-08-15,27257,232152373,10198,20808,8.4,1208.0,0,1
2026-08-16,26909,231213051,9924,20279,8.5,1199.0,0,1
2026-08-17,24053,206772381,10279,20408,8.4,1198.0,0,0
2026-08-18,27120,228820403,10743,21629,8.5,1208.0,0,0
2026-08-19,23919,204441445,10183,20886,9.1,1194.0,0,0
2026-08-20,24404,210416521,10900,20929,8.2,1202.0,0,0
2026-08-21,29280,257189979,10245,20939,8.6,1195.0,1,0
2026-08-22,28504,244226818,11015,21593,7.9,1201.0,0,1
2026-08-23,31610,274407423,9896,20382,9.1,1189.0,1,1
2026-08-24,25030,214758640,10449,20716,7.4,1161.0,0,0
2026-08-25,29488,258459547,10370,20840,9.4,1196.0,1,0
2026-08-26,25726,225122664,9912,20075,7.9,1220.0,1,0
2026-08-27,23576,202066208,10283,20488,6.8,1213.0,0,0
2026-08-28,26615,226941894,10753,21481,8.0,1214.0,0,0
2026-08-29,29348,253002430,10512,21349,7.4,1218.0,1,1
2026-08-30,30702,266820272,10553,21450,8.6,1202.0,1,1
2026-08-31,25893,219940272,10035,20699,7.4,1204.0,0,0
2026-09-01,25448,216152157,10448,20773,7.5,1192.0,0,0
2026-09-02,27280,240944669,9812,20126,6.3,1197.0,1,0
2026-09-03,28561,250882615,10750,21499,7.5,1211.0,1,0
2026-09-04,26198,220516002,10916,21595,5.9,1220.0,0,0
2026-09-05,28505,241323742,10843,21603,6.6,1201.0,0,1
2026-09-06,27844,237142876,10794,21878,8.4,1196.0,0,1
2026-09-07,25981,220760236,10833,21303,8.4,1203.0,0,0
2026-09-08,30246,263938837,10861,21885,8.1,1213.0,1,0
2026-09-09,25168,212623830,10245,21023,7.0,1183.0,0,0
2026-09-10,24479,211158564,10071,20256,7.7,1170.0,0,0
2026-09-11,26410,225593989,10910,21586,7.8,1197.0,0,0
2026-09-12,29885,259528476,10001,20271,6.8,1187.0,1,1
2026-09-13,28353,242169861,10813,21275,8.9,1198.0,0,1
2026-09-14,25332,215690984,10689,21686,8.4,1204.0,0,0
2026-09-15,25364,212732715,10568,21389,7.5,1200.0,0,0
2026-09-16,26590,227267852,10983,22384,7.7,1229.0,0,0
2026-09-17,23735,202318007,10277,20281,7.9,1212.0,0,0
2026-09-18,24173,204773586,10610,21242,6.0,1212.0,0,0
2026-09-19,25093,216702360,10460,21312,7.5,1217.0,0,1
2026-09-20,30857,269814376,10246,20651,7.1,1191.0,1,1
2026-09-21,26799,238894213,9769,20766,6.8,1225.0,1,0
2026-09-22,29504,258661657,10627,20942,7.4,1208.0,1,0
2026-09-23,25716,218519130,10383,20835,9.1,1220.0,0,0
2026-09-24,28418,245935421,10195,21353,8.1,1194.0,1,0
2026-09-25,25964,220892389,10272,21127,7.1,1187.0,0,0
2026-09-26,28394,241238743,10721,21610,8.0,1223.0,0,1
2026-09-27,27398,234317567,10636,21798,8.7,1217.0,0,1
2026-09-28,26252,221262405,11052,21787,8.3,1198.0,0,0
2026-09-29,24914,214262573,10741,21315,7.6,1199.0,0,0
2026-09-30,26669,228097893,10915,21686,7.0,1229.0,0,0
2026-10-01,26049,223676429,10522,22085,8.1,1195.0,0,0
2026-10-02,26223,221845207,10802,21814,7.8,1238.0,0,0
2026-10-03,32063,279228878,11133,22546,8.2,1200.0,1,1
2026-10-04,31778,278935353,10875,22132,8.0,1224.0,1,1
2026-10-05,28482,241584985,11180,22526,8.3,1209.0,0,0
2026-10-06,27465,237900789,9998,20446,7.1,1224.0,1,0
2026-10-07,30215,264458415,10927,21767,8.5,1207.0,1,0
2026-10-08,26405,223717398,10945,21583,7.6,1213.0,0,0
2026-10-09,27307,232859932,10991,21709,9.1,1217.0,0,0
2026-10-10,27525,238114965,10670,21396,6.9,1201.0,0,1
2026-10-11,32109,277407162,11412,22024,8.8,1228.0,1,1
2026-10-12,25213,218608384,10703,20950,7.6,1209.0,0,0
2026-10-13,24229,206488937,11021,22083,6.9,1214.0,0,0
2026-10-14,25077,212115097,10666,21524,7.0,1203.0,0,0
2026-10-15,26610,228572408,11112,21688,7.1,1180.0,0,0
2026-10-16,27159,232282996,11295,22187,7.7,1216.0,0,0
2026-10-17,30533,265811861,10736,22036,7.8,1255.0,1,1
2026-10-18,29363,249279063,11494,22553,6.9,1231.0,0,1
2026-10-19,26411,225914406,10755,21572,7.3,1220.0,0,0
2026-10-20,29549,253247239,10851,22046,9.0,1216.0,1,0
2026-10-21,30778,268271529,10885,22561,8.7,1221.0,1,0
2026-10-22,27391,236646998,11110,22328,7.7,1229.0,0,0
2026-10-23,26963,226858643,11194,22392,7.3,1204.0,0,0
2026-10-24,29032,247197450,11699,22764,7.4,1239.0,0,1
2026-10-25,32404,279917720,11211,22039,7.8,1233.0,1,1
2026-10-26,26852,226452892,10866,21965,6.4,1233.0,0,0
2026-10-27,29131,249737751,11375,22594,7.0,1230.0,1,0
2026-10-28,27016,228498328,11297,22264,5.9,1224.0,0,0
2026-10-29,26721,227877747,11483,22932,7.6,1234.0,0,0
2026-10-30,26458,228424274,11177,22589,7.7,1233.0,0,0
2026-10-31,28152,237465571,10957,22126,6.8,1219.0,0,1
2026-11-01,29325,251067286,11397,22640,8.5,1216.0,0,1
2026-11-02,26887,230205783,11110,22054,6.2,1227.0,0,0
2026-11-03,27413,237603426,11448,23013,6.0,1249.0,0,0
2026-11-04,29079,254521563,10414,21875,7.3,1208.0,1,0
2026-11-05,27581,236900699,11351,23219,8.0,1205.0,0,0
2026-11-06,28325,243390101,11525,22803,8.5,1229.0,0,0
2026-11-07,29956,259005536,10872,22596,6.8,1228.0,1,1
2026-11-08,29590,251599355,11784,23095,8.0,1230.0,0,1
2026-11-09,28965,249668236,11710,23005,7.1,1232.0,0,0
2026-11-10,28676,240869400,11733,23450,7.0,1225.0,0,0
2026-11-11,32316,279572378,11860,23481,7.8,1251.0,1,0
2026-11-12,26133,220673881,11622,23033,7.6,1205.0,0,0
2026-11-13,26078,223348488,11206,22458,5.8,1217.0,0,0
2026-11-14,29726,253055783,11055,22660,8.2,1228.0,0,1
2026-11-15,30878,264920941,11659,22931,8.2,1206.0,0,1
2026-11-16,27464,234454010,12054,23545,6.5,1228.0,0,0
2026-11-17,30192,259795815,11165,22814,7.3,1256.0,1,0
2026-11-18,30916,266018265,11164,22893,7.4,1232.0,1,0
2026-11-19,27811,237616403,11993,24041,7.2,1235.0,0,0
2026-11-20,28262,239897730,11426,23103,6.6,1213.0,0,0
2026-11-21,27433,233339232,11467,22876,6.4,1224.0,0,1
2026-11-22,33861,295923331,12052,23620,6.9,1228.0,1,1
2026-11-23,27217,234091565,11172,23242,7.9,1229.0,0,0
2026-11-24,26904,233532468,11623,22614,7.4,1253.0,0,0
2026-11-25,29287,249549829,11853,23868,6.6,1243.0,0,0
2026-11-26,28095,238743207,11609,23013,7.5,1218.0,0,0
2026-11-27,28255,242242878,11848,23448,4.6,1239.0,0,0
2026-11-28,34017,294265911,11863,23431,7.8,1243.0,1,1
2026-11-29,32109,278123378,11822,23620,5.5,1253.0,1,1
2026-11-30,27228,232293797,11284,22449,6.6,1260.0,0,0
2026-12-01,30590,269541498,11766,23417,6.0,1221.0,1,0
2026-12-02,29881,256621432,11967,24187,5.8,1225.0,0,0
2026-12-03,29828,256374641,11797,24297,7.8,1219.0,0,0
2026-12-04,28553,247150209,11361,23209,6.5,1234.0,0,0
2026-12-05,35488,309698066,12082,24206,7.1,1245.0,1,1
2026-12-06,31112,263442189,11545,23405,6.8,1253.0,0,1
2026-12-07,28365,244115265,11663,23639,7.2,1238.0,0,0
2026-12-08,28570,246108510,12213,23706,6.9,1235.0,0,0
2026-12-09,29361,252114230,12153,23963,5.8,1242.0,0,0
2026-12-10,32572,282699116,12175,24450,7.6,1228.0,1,0
2026-12-11,29639,254296163,12196,24123,6.4,1272.0,0,0
2026-12-12,32100,279026521,11900,23969,5.5,1217.0,1,1
2026-12-13,36097,311112323,12301,24557,6.4,1244.0,1,1
2026-12-14,31632,273684733,11945,23713,7.9,1272.0,1,0
2026-12-15,27768,238677446,11975,24118,7.4,1242.0,0,0
2026-12-16,29028,246166360,12211,24696,6.4,1240.0,0,0
2026-12-17,27825,236127393,12497,24504,6.4,1238.0,0,0
2026-12-18,28110,241682769,12147,24048,6.4,1241.0,0,0
2026-12-19,30293,259022078,11333,23567,8.3,1264.0,0,1
2026-12-20,32758,280808387,12127,24521,7.0,1211.0,0,1
2026-12-21,28797,243584464,11653,23618,7.0,1268.0,0,0
2026-12-22,29520,253242859,12047,24343,7.5,1224.0,0,0
2026-12-23,32313,279581444,12713,25081,6.8,1241.0,1,0
2026-12-24,29263,247940732,12420,24832,6.4,1239.0,0,0
2026-12-25,30805,267086810,11504,23564,6.5,1255.0,1,0
2026-12-26,31219,269308630,12282,24718,6.5,1223.0,0,1
2026-12-27,34245,296607592,12359,24501,6.6,1254.0,1,1
2026-12-28,28786,250361781,11989,24066,7.2,1278.0,0,0
2026-12-29,29747,249952144,12328,24913,6.6,1227.0,0,0
2026-12-30,32038,275481444,12337,24542,7.1,1251.0,1,0
2026-12-31,29736,256643370,12617,24587,6.5,1239.0,0,0
2027-01-01,32796,288172209,12560,24935,6.6,1255.0,1,0
2027-01-02,30371,257676586,12561,24602,4.9,1250.0,0,1
2027-01-03,35158,305220787,12387,25005,7.2,1240.0,1,1
2027-01-04,29676,254927380,12350,24703,6.8,1257.0,0,0
